Run,Assay Type,AvgSpotLen,Bases,BioProject,BioSample,BioSampleModel,Bytes,Center Name,Collection_Date,Consent,DATASTORE filetype,DATASTORE provider,DATASTORE region,Experiment,geo_loc_name_country,geo_loc_name_country_continent,geo_loc_name,Host,Instrument,isolation_source,lat_lon,Library Name,LibraryLayout,LibrarySelection,LibrarySource,Organism,Platform,ReleaseDate,create_date,version,Sample Name,source_material_id,SRA Study
SRR12873146,AMPLICON,602,35796726,PRJNA669201,SAMN16456667,Metagenome or environmental,17643438,ANSHAN BIOTECHNOLOGY CO. LTD,9/28/19,public,"fastq,run.zq,sra","gs,ncbi,s3","gs.us-east1,ncbi.public,s3.us-east-1",SRX9339308,China,Asia,China:Beijing,cows,Illumina MiSeq,rumen,missing,J_10,PAIRED,PCR,METAGENOMIC,gut metagenome,ILLUMINA,2020-10-21T00:00:00Z,2020-10-21T18:57:00Z,1,J_10,10,SRP288032
SRR12873147,AMPLICON,602,34279084,PRJNA669201,SAMN16456670,Metagenome or environmental,16964323,ANSHAN BIOTECHNOLOGY CO. LTD,9/28/19,public,"fastq,run.zq,sra","gs,ncbi,s3","gs.us-east1,ncbi.public,s3.us-east-1",SRX9339289,China,Asia,China:Beijing,cows,Illumina MiSeq,rumen,missing,J_13,PAIRED,PCR,METAGENOMIC,gut metagenome,ILLUMINA,2020-10-21T00:00:00Z,2020-10-21T18:57:00Z,1,J_13,13,SRP288032
SRR12873148,AMPLICON,602,34860616,PRJNA669201,SAMN16456666,Metagenome or environmental,17192858,ANSHAN BIOTECHNOLOGY CO. LTD,9/28/19,public,"fastq,run.zq,sra","gs,ncbi,s3","gs.us-east1,ncbi.public,s3.us-east-1",SRX9339307,China,Asia,China:Beijing,cows,Illumina MiSeq,rumen,missing,J_9,PAIRED,PCR,METAGENOMIC,gut metagenome,ILLUMINA,2020-10-21T00:00:00Z,2020-10-21T18:57:00Z,1,J_9,9,SRP288032
SRR12873149,AMPLICON,602,34168316,PRJNA669201,SAMN16456665,Metagenome or environmental,16798896,ANSHAN BIOTECHNOLOGY CO. LTD,9/28/19,public,"fastq,run.zq,sra","gs,ncbi,s3","gs.us-east1,ncbi.public,s3.us-east-1",SRX9339306,China,Asia,China:Beijing,cows,Illumina MiSeq,rumen,missing,J_8,PAIRED,PCR,METAGENOMIC,gut metagenome,ILLUMINA,2020-10-21T00:00:00Z,2020-10-21T18:57:00Z,1,J_8,8,SRP288032
SRR12873150,AMPLICON,602,35598668,PRJNA669201,SAMN16456664,Metagenome or environmental,17521879,ANSHAN BIOTECHNOLOGY CO. LTD,9/28/19,public,"fastq,run.zq,sra","gs,ncbi,s3","gs.us-east1,ncbi.public,s3.us-east-1",SRX9339305,China,Asia,China:Beijing,cows,Illumina MiSeq,rumen,missing,J_7,PAIRED,PCR,METAGENOMIC,gut metagenome,ILLUMINA,2020-10-21T00:00:00Z,2020-10-21T18:57:00Z,1,J_7,7,SRP288032
SRR12873151,AMPLICON,602,23012654,PRJNA669201,SAMN16456717,Metagenome or environmental,11333323,ANSHAN BIOTECHNOLOGY CO. LTD,9/28/19,public,"fastq,run.zq,sra","gs,ncbi,s3","gs.us-east1,ncbi.public,s3.us-east-1",SRX9339304,China,Asia,China:Beijing,cows,Illumina MiSeq,rumen,missing,Y_20,PAIRED,PCR,METAGENOMIC,gut metagenome,ILLUMINA,2020-10-21T00:00:00Z,2020-10-21T18:57:00Z,1,Y_20,60,SRP288032
SRR12873152,AMPLICON,602,29750238,PRJNA669201,SAMN16456716,Metagenome or environmental,14834470,ANSHAN BIOTECHNOLOGY CO. LTD,9/28/19,public,"fastq,run.zq,sra","gs,ncbi,s3","gs.us-east1,ncbi.public,s3.us-east-1",SRX9339303,China,Asia,China:Beijing,cows,Illumina MiSeq,rumen,missing,Y_19,PAIRED,PCR,METAGENOMIC,gut metagenome,ILLUMINA,2020-10-21T00:00:00Z,2020-10-21T18:57:00Z,1,Y_19,59,SRP288032
SRR12873153,AMPLICON,602,23218538,PRJNA669201,SAMN16456715,Metagenome or environmental,11401511,ANSHAN BIOTECHNOLOGY CO. LTD,9/28/19,public,"fastq,run.zq,sra","gs,ncbi,s3","gs.us-east1,ncbi.public,s3.us-east-1",SRX9339302,China,Asia,China:Beijing,cows,Illumina MiSeq,rumen,missing,Y_18,PAIRED,PCR,METAGENOMIC,gut metagenome,ILLUMINA,2020-10-21T00:00:00Z,2020-10-21T18:57:00Z,1,Y_18,58,SRP288032
SRR12873154,AMPLICON,602,23328704,PRJNA669201,SAMN16456714,Metagenome or environmental,11599893,ANSHAN BIOTECHNOLOGY CO. LTD,9/28/19,public,"fastq,run.zq,sra","gs,ncbi,s3","gs.us-east1,ncbi.public,s3.us-east-1",SRX9339301,China,Asia,China:Beijing,cows,Illumina MiSeq,rumen,missing,Y_17,PAIRED,PCR,METAGENOMIC,gut metagenome,ILLUMINA,2020-10-21T00:00:00Z,2020-10-21T18:57:00Z,1,Y_17,57,SRP288032
SRR12873155,AMPLICON,602,24187758,PRJNA669201,SAMN16456713,Metagenome or environmental,11924046,ANSHAN BIOTECHNOLOGY CO. LTD,9/28/19,public,"fastq,run.zq,sra","gs,ncbi,s3","gs.us-east1,ncbi.public,s3.us-east-1",SRX9339300,China,Asia,China:Beijing,cows,Illumina MiSeq,rumen,missing,Y_16,PAIRED,PCR,METAGENOMIC,gut metagenome,ILLUMINA,2020-10-21T00:00:00Z,2020-10-21T18:57:00Z,1,Y_16,56,SRP288032
SRR12873156,AMPLICON,602,18599994,PRJNA669201,SAMN16456712,Metagenome or environmental,9147427,ANSHAN BIOTECHNOLOGY CO. LTD,9/28/19,public,"fastq,run.zq,sra","gs,ncbi,s3","gs.us-east1,ncbi.public,s3.us-east-1",SRX9339299,China,Asia,China:Beijing,cows,Illumina MiSeq,rumen,missing,Y_15,PAIRED,PCR,METAGENOMIC,gut metagenome,ILLUMINA,2020-10-21T00:00:00Z,2020-10-21T18:57:00Z,1,Y_15,55,SRP288032
SRR12873157,AMPLICON,602,18533774,PRJNA669201,SAMN16456711,Metagenome or environmental,9093086,ANSHAN BIOTECHNOLOGY CO. LTD,9/28/19,public,"fastq,run.zq,sra","gs,ncbi,s3","gs.us-east1,ncbi.public,s3.us-east-1",SRX9339298,China,Asia,China:Beijing,cows,Illumina MiSeq,rumen,missing,Y_14,PAIRED,PCR,METAGENOMIC,gut metagenome,ILLUMINA,2020-10-21T00:00:00Z,2020-10-21T18:58:00Z,1,Y_14,54,SRP288032
SRR12873158,AMPLICON,602,18607820,PRJNA669201,SAMN16456710,Metagenome or environmental,9202168,ANSHAN BIOTECHNOLOGY CO. LTD,9/28/19,public,"fastq,run.zq,sra","gs,ncbi,s3","gs.us-east1,ncbi.public,s3.us-east-1",SRX9339297,China,Asia,China:Beijing,cows,Illumina MiSeq,rumen,missing,Y_13,PAIRED,PCR,METAGENOMIC,gut metagenome,ILLUMINA,2020-10-21T00:00:00Z,2020-10-21T18:58:00Z,1,Y_13,53,SRP288032
SRR12873159,AMPLICON,602,22785098,PRJNA669201,SAMN16456709,Metagenome or environmental,11224350,ANSHAN BIOTECHNOLOGY CO. LTD,9/28/19,public,"fastq,run.zq,sra","gs,ncbi,s3","gs.us-east1,ncbi.public,s3.us-east-1",SRX9339296,China,Asia,China:Beijing,cows,Illumina MiSeq,rumen,missing,Y_12,PAIRED,PCR,METAGENOMIC,gut metagenome,ILLUMINA,2020-10-21T00:00:00Z,2020-10-21T18:58:00Z,1,Y_12,52,SRP288032
SRR12873160,AMPLICON,602,30685144,PRJNA669201,SAMN16456708,Metagenome or environmental,15094144,ANSHAN BIOTECHNOLOGY CO. LTD,9/28/19,public,"fastq,run.zq,sra","gs,ncbi,s3","gs.us-east1,ncbi.public,s3.us-east-1",SRX9339295,China,Asia,China:Beijing,cows,Illumina MiSeq,rumen,missing,Y_11,PAIRED,PCR,METAGENOMIC,gut metagenome,ILLUMINA,2020-10-21T00:00:00Z,2020-10-21T18:58:00Z,1,Y_11,51,SRP288032
SRR12873161,AMPLICON,602,37384200,PRJNA669201,SAMN16456663,Metagenome or environmental,18600639,ANSHAN BIOTECHNOLOGY CO. LTD,9/28/19,public,"fastq,run.zq,sra","gs,ncbi,s3","gs.us-east1,ncbi.public,s3.us-east-1",SRX9339294,China,Asia,China:Beijing,cows,Illumina MiSeq,rumen,missing,J_6,PAIRED,PCR,METAGENOMIC,gut metagenome,ILLUMINA,2020-10-21T00:00:00Z,2020-10-21T18:58:00Z,1,J_6,6,SRP288032
SRR12873162,AMPLICON,602,26742044,PRJNA669201,SAMN16456707,Metagenome or environmental,13310219,ANSHAN BIOTECHNOLOGY CO. LTD,9/28/19,public,"fastq,run.zq,sra","gs,ncbi,s3","gs.us-east1,ncbi.public,s3.us-east-1",SRX9339293,China,Asia,China:Beijing,cows,Illumina MiSeq,rumen,missing,Y_10,PAIRED,PCR,METAGENOMIC,gut metagenome,ILLUMINA,2020-10-21T00:00:00Z,2020-10-21T18:58:00Z,1,Y_10,50,SRP288032
SRR12873163,AMPLICON,602,31252228,PRJNA669201,SAMN16456706,Metagenome or environmental,15408426,ANSHAN BIOTECHNOLOGY CO. LTD,9/28/19,public,"fastq,run.zq,sra","gs,ncbi,s3","gs.us-east1,ncbi.public,s3.us-east-1",SRX9339292,China,Asia,China:Beijing,cows,Illumina MiSeq,rumen,missing,Y_9,PAIRED,PCR,METAGENOMIC,gut metagenome,ILLUMINA,2020-10-21T00:00:00Z,2020-10-21T18:58:00Z,1,Y_9,49,SRP288032
SRR12873164,AMPLICON,602,30582202,PRJNA669201,SAMN16456705,Metagenome or environmental,15049347,ANSHAN BIOTECHNOLOGY CO. LTD,9/28/19,public,"fastq,run.zq,sra","gs,ncbi,s3","gs.us-east1,ncbi.public,s3.us-east-1",SRX9339291,China,Asia,China:Beijing,cows,Illumina MiSeq,rumen,missing,Y_8,PAIRED,PCR,METAGENOMIC,gut metagenome,ILLUMINA,2020-10-21T00:00:00Z,2020-10-21T18:58:00Z,1,Y_8,48,SRP288032
SRR12873165,AMPLICON,602,30643004,PRJNA669201,SAMN16456704,Metagenome or environmental,15124282,ANSHAN BIOTECHNOLOGY CO. LTD,9/28/19,public,"fastq,run.zq,sra","gs,ncbi,s3","gs.us-east1,ncbi.public,s3.us-east-1",SRX9339290,China,Asia,China:Beijing,cows,Illumina MiSeq,rumen,missing,Y_7,PAIRED,PCR,METAGENOMIC,gut metagenome,ILLUMINA,2020-10-21T00:00:00Z,2020-10-21T18:58:00Z,1,Y_7,47,SRP288032
SRR12873166,AMPLICON,602,23800070,PRJNA669201,SAMN16456703,Metagenome or environmental,11573287,ANSHAN BIOTECHNOLOGY CO. LTD,9/28/19,public,"fastq,run.zq,sra","gs,ncbi,s3","gs.us-east1,ncbi.public,s3.us-east-1",SRX9339284,China,Asia,China:Beijing,cows,Illumina MiSeq,rumen,missing,Y_6,PAIRED,PCR,METAGENOMIC,gut metagenome,ILLUMINA,2020-10-21T00:00:00Z,2020-10-21T18:58:00Z,1,Y_6,46,SRP288032
SRR12873167,AMPLICON,602,29522080,PRJNA669201,SAMN16456669,Metagenome or environmental,14535414,ANSHAN BIOTECHNOLOGY CO. LTD,9/28/19,public,"fastq,run.zq,sra","gs,ncbi,s3","gs.us-east1,ncbi.public,s3.us-east-1",SRX9339288,China,Asia,China:Beijing,cows,Illumina MiSeq,rumen,missing,J_12,PAIRED,PCR,METAGENOMIC,gut metagenome,ILLUMINA,2020-10-21T00:00:00Z,2020-10-21T18:58:00Z,1,J_12,12,SRP288032
SRR12873168,AMPLICON,602,30097592,PRJNA669201,SAMN16456668,Metagenome or environmental,14751536,ANSHAN BIOTECHNOLOGY CO. LTD,9/28/19,public,"fastq,run.zq,sra","gs,ncbi,s3","gs.us-east1,ncbi.public,s3.us-east-1",SRX9339287,China,Asia,China:Beijing,cows,Illumina MiSeq,rumen,missing,J_11,PAIRED,PCR,METAGENOMIC,gut metagenome,ILLUMINA,2020-10-21T00:00:00Z,2020-10-21T18:58:00Z,1,J_11,11,SRP288032
SRR12873169,AMPLICON,602,32681376,PRJNA669201,SAMN16456659,Metagenome or environmental,15896658,ANSHAN BIOTECHNOLOGY CO. LTD,9/28/19,public,"fastq,run.zq,sra","gs,ncbi,s3","gs.us-east1,ncbi.public,s3.us-east-1",SRX9339286,China,Asia,China:Beijing,cows,Illumina MiSeq,rumen,missing,J_2,PAIRED,PCR,METAGENOMIC,gut metagenome,ILLUMINA,2020-10-21T00:00:00Z,2020-10-21T18:58:00Z,1,J_2,2,SRP288032
SRR12873170,AMPLICON,602,31068016,PRJNA669201,SAMN16456658,Metagenome or environmental,15458047,ANSHAN BIOTECHNOLOGY CO. LTD,9/28/19,public,"fastq,run.zq,sra","gs,ncbi,s3","gs.us-east1,ncbi.public,s3.us-east-1",SRX9339285,China,Asia,China:Beijing,cows,Illumina MiSeq,rumen,missing,J_1,PAIRED,PCR,METAGENOMIC,gut metagenome,ILLUMINA,2020-10-21T00:00:00Z,2020-10-21T18:58:00Z,1,J_1,1,SRP288032
SRR12873171,AMPLICON,602,27076154,PRJNA669201,SAMN16456702,Metagenome or environmental,13409265,ANSHAN BIOTECHNOLOGY CO. LTD,9/28/19,public,"fastq,run.zq,sra","gs,ncbi,s3","gs.us-east1,ncbi.public,s3.us-east-1",SRX9339283,China,Asia,China:Beijing,cows,Illumina MiSeq,rumen,missing,Y_5,PAIRED,PCR,METAGENOMIC,gut metagenome,ILLUMINA,2020-10-21T00:00:00Z,2020-10-21T18:58:00Z,1,Y_5,45,SRP288032
SRR12873172,AMPLICON,602,25949210,PRJNA669201,SAMN16456701,Metagenome or environmental,12987160,ANSHAN BIOTECHNOLOGY CO. LTD,9/28/19,public,"fastq,run.zq,sra","gs,ncbi,s3","gs.us-east1,ncbi.public,s3.us-east-1",SRX9339282,China,Asia,China:Beijing,cows,Illumina MiSeq,rumen,missing,Y_4,PAIRED,PCR,METAGENOMIC,gut metagenome,ILLUMINA,2020-10-21T00:00:00Z,2020-10-21T18:58:00Z,1,Y_4,44,SRP288032
SRR12873173,AMPLICON,602,31446072,PRJNA669201,SAMN16456700,Metagenome or environmental,15856778,ANSHAN BIOTECHNOLOGY CO. LTD,9/28/19,public,"fastq,run.zq,sra","gs,ncbi,s3","gs.us-east1,ncbi.public,s3.us-east-1",SRX9339281,China,Asia,China:Beijing,cows,Illumina MiSeq,rumen,missing,Y_3,PAIRED,PCR,METAGENOMIC,gut metagenome,ILLUMINA,2020-10-21T00:00:00Z,2020-10-21T18:58:00Z,1,Y_3,43,SRP288032
SRR12873174,AMPLICON,602,38850070,PRJNA669201,SAMN16456699,Metagenome or environmental,19033691,ANSHAN BIOTECHNOLOGY CO. LTD,9/28/19,public,"fastq,run.zq,sra","gs,ncbi,s3","gs.us-east1,ncbi.public,s3.us-east-1",SRX9339280,China,Asia,China:Beijing,cows,Illumina MiSeq,rumen,missing,Y_2,PAIRED,PCR,METAGENOMIC,gut metagenome,ILLUMINA,2020-10-21T00:00:00Z,2020-10-21T18:58:00Z,1,Y_2,42,SRP288032
SRR12873175,AMPLICON,602,34431390,PRJNA669201,SAMN16456698,Metagenome or environmental,16837268,ANSHAN BIOTECHNOLOGY CO. LTD,9/28/19,public,"fastq,run.zq,sra","gs,ncbi,s3","gs.us-east1,ncbi.public,s3.us-east-1",SRX9339279,China,Asia,China:Beijing,cows,Illumina MiSeq,rumen,missing,Y_1,PAIRED,PCR,METAGENOMIC,gut metagenome,ILLUMINA,2020-10-21T00:00:00Z,2020-10-21T18:58:00Z,1,Y_1,41,SRP288032
SRR12873176,AMPLICON,602,33317088,PRJNA669201,SAMN16456662,Metagenome or environmental,16393227,ANSHAN BIOTECHNOLOGY CO. LTD,9/28/19,public,"fastq,run.zq,sra","gs,ncbi,s3","gs.us-east1,ncbi.public,s3.us-east-1",SRX9339278,China,Asia,China:Beijing,cows,Illumina MiSeq,rumen,missing,J_5,PAIRED,PCR,METAGENOMIC,gut metagenome,ILLUMINA,2020-10-21T00:00:00Z,2020-10-21T18:58:00Z,1,J_5,5,SRP288032
SRR12873177,AMPLICON,602,28929712,PRJNA669201,SAMN16456697,Metagenome or environmental,14381839,ANSHAN BIOTECHNOLOGY CO. LTD,9/28/19,public,"fastq,run.zq,sra","gs,ncbi,s3","gs.us-east1,ncbi.public,s3.us-east-1",SRX9339277,China,Asia,China:Beijing,cows,Illumina MiSeq,rumen,missing,L_20,PAIRED,PCR,METAGENOMIC,gut metagenome,ILLUMINA,2020-10-21T00:00:00Z,2020-10-21T18:58:00Z,1,L_20,40,SRP288032
SRR12873178,AMPLICON,602,35286230,PRJNA669201,SAMN16456696,Metagenome or environmental,17471727,ANSHAN BIOTECHNOLOGY CO. LTD,9/28/19,public,"fastq,run.zq,sra","gs,ncbi,s3","gs.us-east1,ncbi.public,s3.us-east-1",SRX9339276,China,Asia,China:Beijing,cows,Illumina MiSeq,rumen,missing,L_19,PAIRED,PCR,METAGENOMIC,gut metagenome,ILLUMINA,2020-10-21T00:00:00Z,2020-10-21T18:58:00Z,1,L_19,39,SRP288032
SRR12873179,AMPLICON,602,36682268,PRJNA669201,SAMN16456695,Metagenome or environmental,18207628,ANSHAN BIOTECHNOLOGY CO. LTD,9/28/19,public,"fastq,run.zq,sra","gs,ncbi,s3","gs.us-east1,ncbi.public,s3.us-east-1",SRX9339275,China,Asia,China:Beijing,cows,Illumina MiSeq,rumen,missing,L_18,PAIRED,PCR,METAGENOMIC,gut metagenome,ILLUMINA,2020-10-21T00:00:00Z,2020-10-21T18:58:00Z,1,L_18,38,SRP288032
SRR12873180,AMPLICON,602,28815934,PRJNA669201,SAMN16456694,Metagenome or environmental,14372997,ANSHAN BIOTECHNOLOGY CO. LTD,9/28/19,public,"fastq,run.zq,sra","gs,ncbi,s3","gs.us-east1,ncbi.public,s3.us-east-1",SRX9339274,China,Asia,China:Beijing,cows,Illumina MiSeq,rumen,missing,L_17,PAIRED,PCR,METAGENOMIC,gut metagenome,ILLUMINA,2020-10-21T00:00:00Z,2020-10-21T18:58:00Z,1,L_17,37,SRP288032
SRR12873181,AMPLICON,602,32849334,PRJNA669201,SAMN16456693,Metagenome or environmental,16307904,ANSHAN BIOTECHNOLOGY CO. LTD,9/28/19,public,"fastq,run.zq,sra","gs,ncbi,s3","gs.us-east1,ncbi.public,s3.us-east-1",SRX9339273,China,Asia,China:Beijing,cows,Illumina MiSeq,rumen,missing,L_16,PAIRED,PCR,METAGENOMIC,gut metagenome,ILLUMINA,2020-10-21T00:00:00Z,2020-10-21T18:58:00Z,1,L_16,36,SRP288032
SRR12873182,AMPLICON,602,39233544,PRJNA669201,SAMN16456692,Metagenome or environmental,19459466,ANSHAN BIOTECHNOLOGY CO. LTD,9/28/19,public,"fastq,run.zq,sra","gs,ncbi,s3","gs.us-east1,ncbi.public,s3.us-east-1",SRX9339272,China,Asia,China:Beijing,cows,Illumina MiSeq,rumen,missing,L_15,PAIRED,PCR,METAGENOMIC,gut metagenome,ILLUMINA,2020-10-21T00:00:00Z,2020-10-21T18:58:00Z,1,L_15,35,SRP288032
SRR12873183,AMPLICON,602,30118662,PRJNA669201,SAMN16456691,Metagenome or environmental,15027322,ANSHAN BIOTECHNOLOGY CO. LTD,9/28/19,public,"fastq,run.zq,sra","gs,ncbi,s3","gs.us-east1,ncbi.public,s3.us-east-1",SRX9339271,China,Asia,China:Beijing,cows,Illumina MiSeq,rumen,missing,L_14,PAIRED,PCR,METAGENOMIC,gut metagenome,ILLUMINA,2020-10-21T00:00:00Z,2020-10-21T18:58:00Z,1,L_14,34,SRP288032
SRR12873184,AMPLICON,602,35416262,PRJNA669201,SAMN16456690,Metagenome or environmental,17554532,ANSHAN BIOTECHNOLOGY CO. LTD,9/28/19,public,"fastq,run.zq,sra","gs,ncbi,s3","gs.us-east1,ncbi.public,s3.us-east-1",SRX9339270,China,Asia,China:Beijing,cows,Illumina MiSeq,rumen,missing,L_13,PAIRED,PCR,METAGENOMIC,gut metagenome,ILLUMINA,2020-10-21T00:00:00Z,2020-10-21T18:58:00Z,1,L_13,33,SRP288032
SRR12873185,AMPLICON,602,36700930,PRJNA669201,SAMN16456689,Metagenome or environmental,18100849,ANSHAN BIOTECHNOLOGY CO. LTD,9/28/19,public,"fastq,run.zq,sra","gs,ncbi,s3","gs.us-east1,ncbi.public,s3.us-east-1",SRX9339269,China,Asia,China:Beijing,cows,Illumina MiSeq,rumen,missing,L_12,PAIRED,PCR,METAGENOMIC,gut metagenome,ILLUMINA,2020-10-21T00:00:00Z,2020-10-21T18:58:00Z,1,L_12,32,SRP288032
SRR12873186,AMPLICON,602,44144660,PRJNA669201,SAMN16456688,Metagenome or environmental,21918775,ANSHAN BIOTECHNOLOGY CO. LTD,9/28/19,public,"fastq,run.zq,sra","gs,ncbi,s3","gs.us-east1,ncbi.public,s3.us-east-1",SRX9339268,China,Asia,China:Beijing,cows,Illumina MiSeq,rumen,missing,L_11,PAIRED,PCR,METAGENOMIC,gut metagenome,ILLUMINA,2020-10-21T00:00:00Z,2020-10-21T18:58:00Z,1,L_11,31,SRP288032
SRR12873187,AMPLICON,602,32803582,PRJNA669201,SAMN16456661,Metagenome or environmental,16131683,ANSHAN BIOTECHNOLOGY CO. LTD,9/28/19,public,"fastq,run.zq,sra","gs,ncbi,s3","gs.us-east1,ncbi.public,s3.us-east-1",SRX9339267,China,Asia,China:Beijing,cows,Illumina MiSeq,rumen,missing,J_4,PAIRED,PCR,METAGENOMIC,gut metagenome,ILLUMINA,2020-10-21T00:00:00Z,2020-10-21T18:58:00Z,1,J_4,4,SRP288032
SRR12873188,AMPLICON,602,36134448,PRJNA669201,SAMN16456687,Metagenome or environmental,17607917,ANSHAN BIOTECHNOLOGY CO. LTD,9/28/19,public,"fastq,run.zq,sra","gs,ncbi,s3","gs.us-east1,ncbi.public,s3.us-east-1",SRX9339266,China,Asia,China:Beijing,cows,Illumina MiSeq,rumen,missing,L_10,PAIRED,PCR,METAGENOMIC,gut metagenome,ILLUMINA,2020-10-21T00:00:00Z,2020-10-21T18:58:00Z,1,L_10,30,SRP288032
SRR12873189,AMPLICON,602,28620284,PRJNA669201,SAMN16456686,Metagenome or environmental,14355899,ANSHAN BIOTECHNOLOGY CO. LTD,9/28/19,public,"fastq,run.zq,sra","gs,ncbi,s3","gs.us-east1,ncbi.public,s3.us-east-1",SRX9339265,China,Asia,China:Beijing,cows,Illumina MiSeq,rumen,missing,L_9,PAIRED,PCR,METAGENOMIC,gut metagenome,ILLUMINA,2020-10-21T00:00:00Z,2020-10-21T18:58:00Z,1,L_9,29,SRP288032
SRR12873190,AMPLICON,602,27144782,PRJNA669201,SAMN16456685,Metagenome or environmental,13582874,ANSHAN BIOTECHNOLOGY CO. LTD,9/28/19,public,"fastq,run.zq,sra","gs,ncbi,s3","gs.us-east1,ncbi.public,s3.us-east-1",SRX9339264,China,Asia,China:Beijing,cows,Illumina MiSeq,rumen,missing,L_8,PAIRED,PCR,METAGENOMIC,gut metagenome,ILLUMINA,2020-10-21T00:00:00Z,2020-10-21T18:58:00Z,1,L_8,28,SRP288032
SRR12873191,AMPLICON,602,23881942,PRJNA669201,SAMN16456684,Metagenome or environmental,11975187,ANSHAN BIOTECHNOLOGY CO. LTD,9/28/19,public,"fastq,run.zq,sra","gs,ncbi,s3","gs.us-east1,ncbi.public,s3.us-east-1",SRX9339263,China,Asia,China:Beijing,cows,Illumina MiSeq,rumen,missing,L_7,PAIRED,PCR,METAGENOMIC,gut metagenome,ILLUMINA,2020-10-21T00:00:00Z,2020-10-21T18:58:00Z,1,L_7,27,SRP288032
SRR12873192,AMPLICON,602,33904038,PRJNA669201,SAMN16456683,Metagenome or environmental,16662725,ANSHAN BIOTECHNOLOGY CO. LTD,9/28/19,public,"fastq,run.zq,sra","gs,ncbi,s3","gs.us-east1,ncbi.public,s3.us-east-1",SRX9339262,China,Asia,China:Beijing,cows,Illumina MiSeq,rumen,missing,L_6,PAIRED,PCR,METAGENOMIC,gut metagenome,ILLUMINA,2020-10-21T00:00:00Z,2020-10-21T18:58:00Z,1,L_6,26,SRP288032
SRR12873193,AMPLICON,602,29920002,PRJNA669201,SAMN16456682,Metagenome or environmental,14672156,ANSHAN BIOTECHNOLOGY CO. LTD,9/28/19,public,"fastq,run.zq,sra","gs,ncbi,s3","gs.us-east1,ncbi.public,s3.us-east-1",SRX9339261,China,Asia,China:Beijing,cows,Illumina MiSeq,rumen,missing,L_5,PAIRED,PCR,METAGENOMIC,gut metagenome,ILLUMINA,2020-10-21T00:00:00Z,2020-10-21T18:58:00Z,1,L_5,25,SRP288032
SRR12873194,AMPLICON,602,27872600,PRJNA669201,SAMN16456681,Metagenome or environmental,13565435,ANSHAN BIOTECHNOLOGY CO. LTD,9/28/19,public,"fastq,run.zq,sra","gs,ncbi,s3","gs.us-east1,ncbi.public,s3.us-east-1",SRX9339260,China,Asia,China:Beijing,cows,Illumina MiSeq,rumen,missing,L_4,PAIRED,PCR,METAGENOMIC,gut metagenome,ILLUMINA,2020-10-21T00:00:00Z,2020-10-21T18:58:00Z,1,L_4,24,SRP288032
SRR12873195,AMPLICON,602,32608534,PRJNA669201,SAMN16456680,Metagenome or environmental,16202948,ANSHAN BIOTECHNOLOGY CO. LTD,9/28/19,public,"fastq,run.zq,sra","gs,ncbi,s3","gs.us-east1,ncbi.public,s3.us-east-1",SRX9339259,China,Asia,China:Beijing,cows,Illumina MiSeq,rumen,missing,L_3,PAIRED,PCR,METAGENOMIC,gut metagenome,ILLUMINA,2020-10-21T00:00:00Z,2020-10-21T18:58:00Z,1,L_3,23,SRP288032
SRR12873196,AMPLICON,602,29073590,PRJNA669201,SAMN16456679,Metagenome or environmental,14377479,ANSHAN BIOTECHNOLOGY CO. LTD,9/28/19,public,"fastq,run.zq,sra","gs,ncbi,s3","gs.us-east1,ncbi.public,s3.us-east-1",SRX9339258,China,Asia,China:Beijing,cows,Illumina MiSeq,rumen,missing,L_2,PAIRED,PCR,METAGENOMIC,gut metagenome,ILLUMINA,2020-10-21T00:00:00Z,2020-10-21T18:58:00Z,1,L_2,22,SRP288032
SRR12873197,AMPLICON,602,26961172,PRJNA669201,SAMN16456678,Metagenome or environmental,13296759,ANSHAN BIOTECHNOLOGY CO. LTD,9/28/19,public,"fastq,run.zq,sra","gs,ncbi,s3","gs.us-east1,ncbi.public,s3.us-east-1",SRX9339257,China,Asia,China:Beijing,cows,Illumina MiSeq,rumen,missing,L_1,PAIRED,PCR,METAGENOMIC,gut metagenome,ILLUMINA,2020-10-21T00:00:00Z,2020-10-21T18:58:00Z,1,L_1,21,SRP288032
SRR12873198,AMPLICON,602,36384278,PRJNA669201,SAMN16456660,Metagenome or environmental,17938603,ANSHAN BIOTECHNOLOGY CO. LTD,9/28/19,public,"fastq,run.zq,sra","gs,ncbi,s3","gs.us-east1,ncbi.public,s3.us-east-1",SRX9339256,China,Asia,China:Beijing,cows,Illumina MiSeq,rumen,missing,J_3,PAIRED,PCR,METAGENOMIC,gut metagenome,ILLUMINA,2020-10-21T00:00:00Z,2020-10-21T18:58:00Z,1,J_3,3,SRP288032
SRR12873199,AMPLICON,602,26719168,PRJNA669201,SAMN16456677,Metagenome or environmental,13054001,ANSHAN BIOTECHNOLOGY CO. LTD,9/28/19,public,"fastq,run.zq,sra","gs,ncbi,s3","gs.us-east1,ncbi.public,s3.us-east-1",SRX9339255,China,Asia,China:Beijing,cows,Illumina MiSeq,rumen,missing,J_20,PAIRED,PCR,METAGENOMIC,gut metagenome,ILLUMINA,2020-10-21T00:00:00Z,2020-10-21T18:58:00Z,1,J_20,20,SRP288032
SRR12873200,AMPLICON,602,35701008,PRJNA669201,SAMN16456676,Metagenome or environmental,17750378,ANSHAN BIOTECHNOLOGY CO. LTD,9/28/19,public,"fastq,run.zq,sra","gs,ncbi,s3","gs.us-east1,ncbi.public,s3.us-east-1",SRX9339254,China,Asia,China:Beijing,cows,Illumina MiSeq,rumen,missing,J_19,PAIRED,PCR,METAGENOMIC,gut metagenome,ILLUMINA,2020-10-21T00:00:00Z,2020-10-21T18:58:00Z,1,J_19,19,SRP288032
SRR12873201,AMPLICON,602,38146332,PRJNA669201,SAMN16456675,Metagenome or environmental,18837768,ANSHAN BIOTECHNOLOGY CO. LTD,9/28/19,public,"fastq,run.zq,sra","gs,ncbi,s3","gs.us-east1,ncbi.public,s3.us-east-1",SRX9339253,China,Asia,China:Beijing,cows,Illumina MiSeq,rumen,missing,J_18,PAIRED,PCR,METAGENOMIC,gut metagenome,ILLUMINA,2020-10-21T00:00:00Z,2020-10-21T18:58:00Z,1,J_18,18,SRP288032
SRR12873202,AMPLICON,602,33821564,PRJNA669201,SAMN16456674,Metagenome or environmental,16664814,ANSHAN BIOTECHNOLOGY CO. LTD,9/28/19,public,"fastq,run.zq,sra","gs,ncbi,s3","gs.us-east1,ncbi.public,s3.us-east-1",SRX9339252,China,Asia,China:Beijing,cows,Illumina MiSeq,rumen,missing,J_17,PAIRED,PCR,METAGENOMIC,gut metagenome,ILLUMINA,2020-10-21T00:00:00Z,2020-10-21T18:58:00Z,1,J_17,17,SRP288032
SRR12873203,AMPLICON,602,37513028,PRJNA669201,SAMN16456673,Metagenome or environmental,18374819,ANSHAN BIOTECHNOLOGY CO. LTD,9/28/19,public,"fastq,run.zq,sra","gs,ncbi,s3","gs.us-east1,ncbi.public,s3.us-east-1",SRX9339251,China,Asia,China:Beijing,cows,Illumina MiSeq,rumen,missing,J_16,PAIRED,PCR,METAGENOMIC,gut metagenome,ILLUMINA,2020-10-21T00:00:00Z,2020-10-21T18:58:00Z,1,J_16,16,SRP288032
SRR12873204,AMPLICON,602,29191582,PRJNA669201,SAMN16456672,Metagenome or environmental,14517541,ANSHAN BIOTECHNOLOGY CO. LTD,9/28/19,public,"fastq,run.zq,sra","gs,ncbi,s3","gs.us-east1,ncbi.public,s3.us-east-1",SRX9339250,China,Asia,China:Beijing,cows,Illumina MiSeq,rumen,missing,J_15,PAIRED,PCR,METAGENOMIC,gut metagenome,ILLUMINA,2020-10-21T00:00:00Z,2020-10-21T18:58:00Z,1,J_15,15,SRP288032
SRR12873205,AMPLICON,602,32871608,PRJNA669201,SAMN16456671,Metagenome or environmental,16130440,ANSHAN BIOTECHNOLOGY CO. LTD,9/28/19,public,"fastq,run.zq,sra","gs,ncbi,s3","gs.us-east1,ncbi.public,s3.us-east-1",SRX9339249,China,Asia,China:Beijing,cows,Illumina MiSeq,rumen,missing,J_14,PAIRED,PCR,METAGENOMIC,gut metagenome,ILLUMINA,2020-10-21T00:00:00Z,2020-10-21T19:00:00Z,1,J_14,14,SRP288032